,time (s),roll_deg,pitch_deg,yaw_deg,depth,vel_x_m_s,vel_y_m_s,northing_m,easting_m
0,0,-2.949144657916511,42.52226287816556,-15.96682730806611,-1.371725370909054,1.7307546065812023,5.258577625675778,-1.6089985509411195,-1.6558760777291681
1,1,-13.933761766322332,31.35905311092521,-15.565925823833366,0.46986279209744874,0.6433951393740287,5.514378872212414,-3.6567061624682524,10.884182401735375
2,2,-13.76227510494333,26.242537827002998,31.275415531235417,-0.31664857068617713,1.3892677897084464,5.472225290591481,2.258657583545604,-2.078401177674691
3,3,32.17852495156935,20.282240648949028,26.818222678510757,0.46352934593355755,2.041991907827114,5.963424941052924,-3.0913735982920065,-4.163989325874944
4,4,0.42787945332966615,33.715743893507884,51.62085528327512,-0.385787325512551,4.294539000319565,2.1140262654014745,-3.6335110868012768,-6.2504108118438255
5,5,7.965453222821303,32.522506062061,75.76465033172428,0.366693603842395,1.6764270569953021,5.845764063107592,12.902774565279561,2.1310202839881036
6,6,40.90918367440755,31.65573662468159,49.545709198774986,2.2928578251433462,1.9642258891144857,8.550541182139806,10.541752917666031,-2.6192521779734665
7,7,27.127424136546736,31.83685699214795,84.95177971400787,1.814847552488935,-1.0045019952146945,4.366299785378414,-1.0521893047431157,-1.6960779245636963
8,8,38.92440044263318,20.331269029122662,33.379879034446056,1.098784740467038,5.776496373022917,7.040351352006033,-0.2938534310696119,9.584367413860077
9,9,33.50866515542578,20.734725600139498,45.640790502592566,1.8704843810618585,3.864051516900467,6.64124201952061,-0.27263983301373984,2.2090526628469527
10,10,50.30416980442415,30.1544116748135,59.339932859028465,0.3173599867771686,0.5326034130599053,3.7993860340850794,3.544914694238709,6.843368428066826
11,11,34.55262491582933,26.735102770703445,49.82802143272049,2.0304253769095,0.9851396818393178,3.0251484172320344,-1.5275390992685356,-2.7260883581713173
12,12,44.37063656795261,16.227057945946378,81.89313318863759,0.6832663563809993,2.302627487618528,4.8455776927904965,6.762226516350326,-2.8196135125932393
13,13,39.35770318136315,32.183823356169015,86.79013259526997,1.395930253853927,3.1121737456326173,6.55735159671948,-5.813148912634389,5.983648704196549
14,14,54.09376074616087,24.179611400834993,47.5472794971174,4.059406016674309,1.585217857757827,4.911431844521517,4.225782937869997,-0.9284295275838894
15,15,70.97916389276807,16.919104382671442,99.6331820333927,4.205491813882285,-0.09876777998797381,2.323316850500797,4.347819328818105,5.045674358069617
16,16,58.63596104271678,16.356468547439015,93.59065199338113,3.1536033052410204,5.233357059450829,2.473021159248993,11.956944132765788,-0.6766067098329351
17,17,55.75667706294665,14.946442352917195,117.91634737637139,3.6971041371250726,3.7874145549473246,0.2344599441729014,6.0124100169523444,10.34282559571102
18,18,46.49841700964954,15.785097426419775,93.60590534012111,3.833979577794068,2.454133896561523,4.272299822408172,5.661186258069401,3.7965103735034527
19,19,48.384022588674064,12.888191712744103,85.13139316900042,2.957100974664031,2.476447959901339,2.049502800306592,5.862757971662242,1.9036563581643668
20,20,36.374814090860056,7.931992537844833,100.92836831203415,5.92610767934002,2.8948172455538477,3.676479847675418,7.220031398601314,4.848653356805997
21,21,41.13277409188537,18.120585672876633,100.1305564296906,4.171718912218848,-0.35417927720193143,2.971638883580435,1.0654003512272139,-1.5497485968463112
22,22,49.77410922153294,13.892205205401275,73.78146395785876,2.648960173144684,2.009182984837337,6.113896526495084,0.03453567738421093,0.11781471144992306
23,23,27.42118308808365,15.24484486931631,91.62483619287086,3.4472803208115166,2.3616557413136112,3.692569316475146,11.304258885047853,7.608534727696503
24,24,25.935060827933377,14.22367345556952,68.31574565063326,4.58482287286581,6.060960536567099,3.717916969493222,3.028370491216588,11.876256423596079
25,25,17.752849073390298,16.722426352884504,120.85764640967332,5.965246167398591,-0.7362534617915735,2.233177637227284,5.902692224413405,-0.43769761709521493
26,26,27.549651854895316,-0.8316972319914964,107.523210003241,6.002405820254018,0.43565400121983044,2.3071041009811517,2.106949997706635,8.778165216101517
27,27,25.757340442245795,1.1524966591885661,128.71925372767407,6.360052154837666,2.1897529903321793,5.633501229340579,11.02788859721548,6.681983392654733
28,28,2.419030520631395,8.127047941573743,71.41055326813017,4.924876403530636,0.5414745711125852,1.074364470746549,11.095964534362471,12.545935366150237
29,29,1.2161808442729143,5.645744719686698,73.99121295695673,5.617766590759801,2.0651423005316465,0.6100209141371171,9.155986925393261,1.7156523892120736
30,30,27.6792781110652,4.150983712980352,88.27999155941158,6.2117657182728,4.536792657125289,2.9850563335123654,3.222082451230714,7.224911531976432
31,31,-5.735344631223978,-6.335725399124953,51.55553664006315,6.51648538134905,4.1343191198889855,0.27674392595882713,-2.233608265508134,2.4534736505548294
32,32,-10.222078835727576,-0.5921468551039668,93.8006072749331,8.674475753680387,4.202006671367798,3.833768177713405,10.499243063549063,4.07555976185558
33,33,1.847277163068192,-6.149026941798484,69.15997603521434,5.239775808335638,7.276405016403173,1.868838001846103,10.210361959054035,5.022762109220746
34,34,-6.544311388599942,3.0696086109073644,61.65317749096525,5.106587723795986,7.00533988767492,2.093335302872972,-4.083621488728342,7.229291491723263
35,35,-15.45488504858097,-3.731455374550155,16.46438893816005,6.094705953224425,8.840676759007696,0.8349172725190187,9.56435745505977,1.2019555301160079
36,36,-16.62284062556558,-15.165148902393762,69.39626714156424,8.196231462964398,5.5145545504728295,-2.9771758492111653,-0.4340952671981606,13.943771908212394
37,37,-34.48696914921638,-13.59129533216417,20.37919612385256,6.664484068059143,3.421432764001372,0.3557509758947187,0.9821886482472388,5.415461961946438
38,38,-36.30278149582071,-11.404163255852062,-16.95012928870868,6.208917650717142,6.180765508245354,2.049419158696613,10.647157762499738,2.583806259490184
39,39,-47.44687722557895,-7.844400957636786,-1.2837378429569477,6.796112549899309,6.154315672415066,-1.655405627014132,3.3593805154547347,9.692277768110053
40,40,-38.58397065063209,-17.87238415258211,11.49756132583784,7.5450799140295155,4.672901103457484,2.1177405844848383,15.269195875564819,7.944294409460335
41,41,-62.81529045010044,-8.523497464832104,-23.257507821820532,10.407635684405495,4.621963067277473,0.5905794530424349,11.90179227109966,7.755408697534637
42,42,-59.27022282401817,-12.879063003876436,-16.641365090234263,6.468068414032777,6.4682493463022395,0.5606424775181279,7.48808335948416,14.600459016168147
43,43,-44.480204981446875,-16.45199793797801,-51.77407503645487,9.122821805588345,6.518532191199373,-2.7148238527133093,6.095170232977548,-1.682275933657202
44,44,-43.02132147518179,-18.546699709390232,-20.209309400047836,8.831796306325378,6.618176229440217,-3.0007186389925296,3.7094671206928904,10.137662994771244
45,45,-46.40583300475262,-11.326344495330527,-28.72269172155557,7.279315937558309,3.87717444964926,1.3762085905870585,11.240323279107363,5.557450448105586
46,46,-32.324115448437276,-19.984611474494592,-46.94883106843727,8.76267505281843,3.795925700639128,2.88076655826979,6.3058071689851145,6.832253187313601
47,47,-47.03455761099743,-22.670542509161933,-62.70417360025268,9.019033221230266,3.3907015929977176,-0.05212494802877199,11.573597529857526,-1.903744551399999
48,48,-50.12418600456618,-20.77232273137638,-75.53956185150349,8.849139249031719,4.008909573131105,-0.9499918962241828,14.890291946203568,12.470902719272445
49,49,-41.32157347514183,-15.582249072232809,-91.73224044505918,8.965365226444213,7.805002695299038,-4.1178586238848585,12.663634919115346,16.62774349132056
50,50,-58.90637213989038,-18.91537710278069,-70.62269398016731,10.92669511672579,3.433718297770299,-4.385317314474811,13.276228835353125,3.624340852591014
51,51,-43.56424284699821,-17.590791691321634,-68.44908313680483,10.57974968213596,0.05815069109807158,-0.6981022811695381,8.1150624739368,11.330982616416225
52,52,-36.20107083142382,-26.89761845960262,-72.4016948363902,9.507338603811503,5.205961612134709,-3.7862495285980717,19.48174704242369,10.061519854503763
53,53,-46.84153834959829,-32.22920738468607,-79.55530773208818,10.74588103612378,7.658085007312846,-1.1701818914795854,15.254847426506705,15.834576307630124
54,54,-35.82815974958738,-29.68798404411739,-70.13946333737034,9.665461680155207,7.621542849689923,1.7136733249228988,10.470760026407294,23.973181968602375
55,55,-42.17437948856362,-37.40216348972822,-99.83280839477185,11.19714878537433,7.457772637128869,-4.651176859945501,10.411354569447262,11.053434395774609
56,56,-25.139413804678135,-32.8118169285363,-83.16406426926275,9.961236518017838,10.566425529708468,0.2367529571780116,14.023511246273014,18.300819081306187
57,57,-17.382334741696646,-21.942694681320912,-86.2106917954096,12.054477517289001,5.200919367499543,-5.157585512186553,5.3433747497303985,9.023621192630795
58,58,-18.6234398403679,-31.032510510001202,-105.03324245940121,9.792828979648739,7.193613462784734,-3.011194186202211,10.210045521711194,9.70996865552601
59,59,-5.522844740781336,-22.78579155185348,-107.56448159062138,12.808186534698846,6.4166593042000315,-3.37073887022805,8.112895164932528,13.500162735127624
60,60,-31.237527995020137,-37.46966707748761,-96.97634768811271,12.168289074009364,7.515419419336639,-3.478844646680361,14.916732828276867,14.824881205041027
61,61,3.3256843030650156,-30.78186559679557,-97.29894594386022,10.480730593159546,-0.23572159317709218,-2.00128590271931,16.804226717679416,9.04090974141555
62,62,5.536914920530054,-33.21680589465323,-112.02375539977076,12.245756174899705,2.910488393308801,-2.806389349588043,7.0928979930553995,17.032127349715523
63,63,6.341606885339107,-29.37730146360616,-76.71930389233911,12.440703135536841,5.503108821536282,-3.991514114786583,16.60188139129761,17.471705003645987
64,64,9.127442100328308,-32.01133075954819,-82.53777684959837,11.96175120939819,2.9701003499727348,-7.165908234995934,18.544808912418592,13.720168207732312
65,65,12.9248120331204,-25.748645056322218,-86.60642808731549,14.661948109575128,4.128425434793819,-2.35460445076934,19.429360151365014,14.593062255855433
66,66,5.681836333634456,-15.292040606447575,-104.36745533843656,13.562900485658695,3.7804673174786356,-3.40791894904938,6.112357080688808,19.38241159634505
67,67,20.248544221651816,-25.33950617209722,-104.18922622843087,13.880379029078147,3.5761063907609123,-11.493315226319552,10.506625579679678,8.204995910672329
68,68,25.943821421861166,-35.793420312609676,-66.60803133584119,14.182166449152865,5.32779129343876,-8.225518933203208,23.108070058815617,8.304397854385119
69,69,36.60132483397698,-32.67508163176769,-68.77030804210217,14.959841404057745,6.959008445725075,-3.400788700131966,13.291404192287079,7.074497888987295
70,70,46.085762513208714,-28.019667857869656,-41.72512227299934,13.585783554393993,9.089782123065147,-2.1970152725902707,27.792377140725122,17.00167830807556
71,71,22.19743427554747,-23.711640958266134,-59.310588125304854,13.94785592419842,0.2558251256393218,-2.7960535457210303,11.594626563365793,16.272080027424277
72,72,37.46997199160868,-28.63858806674534,-71.13118954342318,14.388489466504222,3.888820251962569,-5.994850286454486,17.404573159128493,11.150673186072327
73,73,46.76381733045537,-22.85470061464638,-11.866496133345457,14.982922179026101,1.445555814097605,-5.546716846365959,14.444133055533753,14.114393503517814
74,74,45.85958506287524,-25.320873944982953,-40.99522998011271,16.151700547182642,1.969807078848444,-2.433035290767022,15.967325264792072,20.12756940629702
75,75,45.240061984884775,-33.52332960182413,-23.026970268360802,11.830427737659273,2.8272252914869123,-6.378059908134597,10.74699837797336,23.931860647297405
76,76,44.37655949960434,-26.172219595405483,-16.52133050913059,14.392354161624834,0.6669471372955833,-5.599671668768399,8.927571016240691,13.87082051129256
77,77,55.653939811868646,-23.780768058755037,18.377968804847022,16.66407968841838,4.320699347036209,-4.367800157385677,12.651426620745607,21.41229167432732
78,78,71.34192692183667,-32.44627143298458,0.9488710525519748,15.291682386731308,4.228861775385246,-2.1148819269707486,14.715812036855231,16.626044043931998
79,79,44.66475891512906,-22.530598659996173,9.93752669322534,15.13251419859039,2.8652314143140787,-4.513005148896662,16.96318582907409,12.692609352434507
80,80,43.62059734286738,-25.63292166620364,18.147647700942485,16.98615963918394,2.450094828327116,-6.4947429965526196,19.712937468211926,12.887012489925585
81,81,55.73082055526522,-18.30471760027225,25.681094616739845,14.742134660309693,4.1498487081014055,-5.469557547117417,13.226923322938934,16.478083279184652
82,82,29.586387704314696,-16.167359929983373,26.950509379599303,18.578619740488644,0.7715361747477782,-8.190407008640186,16.713672613970637,17.64145033021321
83,83,36.44436499682139,-15.81075520249353,14.05554702532202,17.1045648778992,5.521901472049331,-5.09272710365774,6.591360252214926,17.29602042334736
84,84,32.83274024424378,-19.188560415218618,53.05819416710792,15.942420801996693,6.116015124069332,-4.860400025381389,22.530328303413704,6.700678092433314
85,85,15.258275114559929,-12.653851733245551,44.105902383034646,17.483130247890166,6.59570856601704,-6.7804722037622,13.834577837098337,26.912350995644452
86,86,31.136108572903872,-12.486663216048848,63.625681527567146,17.81113472358982,3.067303548822836,-7.130614406419015,18.459416093523075,22.34719116169976
87,87,34.795445731976585,-8.425823327308894,48.033391334735384,19.97935400471651,0.3267442278355466,-5.5919162839280165,21.183002302582814,12.902024441683377
88,88,40.29786052725588,-8.574004226866386,87.79520585397245,17.313035354398412,3.0693263104911974,-4.827129595757084,11.472987245963182,13.0333914611564
89,89,20.829151996995357,-9.623697113481569,60.898910547141355,18.630535844124367,1.1892797896007246,-6.470678771677257,27.93148068838052,20.295941784599428
90,90,9.06017803780994,-2.663067888122356,101.1188444427312,17.00348440685154,-0.26407085734097224,-6.551527643053196,17.37050895395364,19.54645886395724
91,91,32.295658163204244,-2.2781447817037432,49.879143530896464,19.64751545090109,4.270182605058122,-5.571423372310289,19.100157141699363,26.6915252835298
92,92,7.7721847443197305,-6.599672751839553,53.15252039910353,18.040333754486223,2.709622354010086,-4.513103757406108,25.724397209927105,17.691359318595072
93,93,2.6935347566155468,-1.2991552472105043,77.00618116936812,19.337845445546574,1.056986107604684,-2.905327823531219,14.078664250010423,19.115488222946063
94,94,-14.921001498634004,11.129131218560564,105.05859834451206,20.123069032642896,1.3213793806177818,-5.788237508296447,13.106463871464458,28.844068903294577
95,95,2.4451305384636286,16.212071131754282,117.50913855409543,19.000323009394908,-0.4839564112805044,-3.600086655046713,28.732301581085597,26.957104306802833
96,96,-13.921457151051689,-3.4856116459427047,94.24106787350645,19.46745477305267,2.0454905407905875,0.33829668640388855,11.798410334724522,19.257343993313967
97,97,-49.37274429566503,-0.9486545098673487,106.1623097421834,17.450836717320932,4.06321533487145,-5.219563676177056,14.066455356608511,18.83088762437604
98,98,-31.867138840769694,8.859808705324223,90.2965576386728,19.084866259619012,2.905640305863079,-7.884752643253009,15.757481545353293,21.905786325620554
99,99,-36.745035355355526,10.780875567031742,90.4297295027335,21.829200252373155,-3.565560270154775,-3.9434533484745655,22.141101654382418,24.281877355528152
100,100,-28.60756075721464,9.229036629815226,74.3678335171746,19.452506908255675,1.1380032940304259,-4.30014702763112,10.68973595056832,20.109099145394087
101,101,-33.14993596015209,12.200480510613211,110.37437191176123,20.969160168201316,-0.7046149738851252,-5.299491954863122,27.36885840690916,18.39438133846492
102,102,-28.319947989091347,7.47838122909976,131.39161192176473,20.15677293398592,3.711402824447742,-2.799427901113668,23.255410985967035,23.818911944543196
103,103,-52.312878441808735,14.886974824781895,119.84901121449589,19.165173652234525,1.797434088871898,-0.10949405624185937,20.60039577183352,16.35535345385895
104,104,-47.947406769908326,20.279873620357982,107.53174489715562,20.574318922454783,-0.22891557413446273,-5.207514001263679,25.240665856507768,17.821541879305308
105,105,-54.35639205776758,15.742116272445122,112.94739003067448,21.982202633954767,0.55212831160806,-4.498466649470387,15.944765809028752,21.564609494490078
106,106,-31.428901148625265,14.074316295463792,75.9126822113205,21.275900439684122,-0.17755826894212223,-1.1438305890018594,20.622327854564162,19.170191251931865
107,107,-49.90374440448833,20.50284076474009,84.1353698294905,20.399976779495244,-2.1042952922341787,0.5887254026208852,22.678020310991666,16.472238439680552
108,108,-41.06314673825326,20.620865022099178,52.313211100581796,22.304648046610975,-3.0331222862847396,-2.4090497618804125,24.49917475999309,17.587414187306727
109,109,-55.08666409369471,22.640851734812934,39.72250276558783,20.73521293036293,0.4547899350598965,-1.5746047279423079,17.63320901953578,30.47853936436281
110,110,-49.662200561272016,23.455161959264338,63.5373410157696,22.252307482699212,2.6307359830422077,2.0712588998236545,23.61053990227805,20.025659846285187
111,111,-60.48326940482794,26.465737359090227,12.129454669947485,24.455791720411096,2.3865761018265963,2.6949869498405814,23.976367891120937,26.155550152321716
112,112,-36.1418157594877,32.76066745642442,32.62135863975389,21.113333425669875,-0.7089710516674469,-2.203796637374932,19.486210344280423,8.525453784149642
113,113,-41.885267049374285,21.48578119517753,81.1780567871769,23.64660202452625,-2.1724264157225415,-1.605147483565505,28.830446403253177,26.24483624167683
114,114,-47.11201994669638,30.36439630467057,38.8588754448962,22.309856514096253,-1.3179427897860971,1.4182457618092268,17.132448388846132,19.14071540727923
115,115,-42.91902277744163,27.874475816898677,38.439255460679206,24.977043954383188,-2.526019383165522,-1.0440749890923278,29.654663362879628,24.277292320397557
116,116,-31.349121050167327,31.963499586136418,24.993922198413678,23.27008886049944,0.4743183724336699,1.7288138040513803,12.60836418202353,29.471993162081347
117,117,-40.981769187430324,15.980297692490161,-16.31546484620209,23.163437218251584,-2.1969449934468597,-0.679981072737655,18.960882971448346,17.821568004038163
118,118,-47.09774619825187,40.55890254935785,3.2743403650374807,23.065615182743556,-5.223928769310199,-2.284112177550891,18.091901363154694,24.33595960507735
119,119,-43.95124033693117,35.58752014341573,-36.1485256384733,24.427189506857765,-0.4461295409864181,0.32270880915504396,16.27736580302977,22.897183793605077
120,120,-29.993075478196396,35.745141797429106,-2.592656086438163,23.057980282978516,-1.6752379409781262,3.0047850278464754,23.366519521666604,24.960476761442383
121,121,-38.61314206915803,23.766756473374006,-19.876632544503497,24.639574326536742,-7.270423773615558,-1.3949893002991935,17.538363254157204,30.62181411968407
122,122,-0.0261041116295182,29.208092789465013,-41.81551447900029,24.50624230536525,-4.0985702903307795,2.7993325413197088,18.378290506159736,26.422665413148454
123,123,-20.184316362155897,27.683162788233645,-31.41647621421648,26.295910015038046,-2.1978956083811845,-0.3985275607593959,24.66762820945697,22.315886011076305
124,124,-8.425995866496532,33.494167212220475,-37.960248133210136,26.675546718412395,-1.0037572739516403,1.5822638436438798,22.606482370413907,26.466621598168416
125,125,20.633385020325015,36.070712018035806,-55.45608015305246,25.929993379619216,-2.1284404691986145,4.404660756289001,11.81828840155891,19.016545342131263
126,126,-8.630015667238343,40.15268663363063,-90.17508232201895,25.972093021714365,-0.9704094950406255,1.248601719000774,26.02385283031038,29.177870645064633
127,127,19.536602252672004,24.958276074154973,-45.8668591121103,25.609425469028686,-3.004744007732152,0.8363333320248049,28.009041458666086,30.125357281520003
128,128,13.109143866176904,37.52302509927819,-67.32527427957706,25.782954134144767,-4.115937411488904,0.8626121587250244,24.83215244790276,26.078511572844146
129,129,22.08662611135525,29.562138710968522,-81.30498041231222,24.86033879979366,-2.938184271910146,6.050320768218454,21.61505695975293,28.95216046764594
130,130,24.41992359108501,33.85453920948722,-84.33910926579557,26.321948387463557,-2.3599908858937413,4.8689796998872135,27.884896144663383,24.217082344473326
131,131,28.041009272986607,19.424385789353686,-69.93617896853273,26.10997636844396,-4.411977152840395,3.576897688993161,32.954824106262855,21.18247161058948
132,132,30.57714195703223,28.04213734228433,-108.71722849442419,26.933923209293727,-3.0817725571840864,3.2559870209392843,37.270361708704854,24.85066461779651
133,133,32.53749517354904,27.902007048914534,-88.89618095372403,28.307788862145525,-2.2858447761613245,3.9351630418523036,34.268565952211645,26.899554751834494
134,134,47.570573787403205,33.75939560337265,-95.88221537594406,28.774935670906792,-3.1167320879492957,1.328046288265625,27.942966065615988,29.6491005378508
135,135,33.730525496473476,24.007983040215056,-103.95535386391929,29.568403007319795,-3.174379083033635,2.1574449586155424,19.554581495555333,24.54653877641663
136,136,25.112960063715427,31.202937372230238,-63.58331222011014,28.49255398766559,-1.6563883527758372,2.05366285491758,30.335938724335048,37.742860363577336
137,137,43.73936978946183,28.79009847075566,-106.69571894317714,29.558769162500376,-2.742400855795881,2.963553009722273,33.58259051583961,26.325354375444366
138,138,47.02853139735004,27.131314219696854,-90.76137189350956,27.742240600724834,-5.01024325319665,7.081853680917591,34.9728331576609,25.324658449249036
139,139,46.89321852432984,17.998895974722757,-106.63159861913799,27.911670031752667,-7.084229312925719,5.948162005121658,35.739842332775176,31.629375590081136
140,140,64.06224024819512,17.95782588592251,-115.37897230888858,26.01357022482258,-3.809397844679287,6.260535416494825,34.71278287286235,30.167029410330024
141,141,52.16785332245046,14.131012328419455,-130.62662267158663,26.107306427225318,-6.948970545448448,4.717250096879788,33.29548751354528,30.375742952729432
142,142,52.56095406966793,26.818127748608887,-111.15737432636473,28.824216740672604,-10.086189827780622,1.4286003881697757,22.66274313366628,32.05893731060566
143,143,58.54368997029364,18.345541718129503,-110.44809976046048,30.364049802528314,-2.9426456049842584,5.017907954625742,30.461608381247448,26.98260694388289
144,144,42.6462235139257,12.981077922084689,-101.87710509979459,28.872418852031206,-4.562373598195755,2.2751913594196536,25.436751132321362,23.02161585539496
145,145,49.884596400182446,23.964218098079847,-95.17150804847707,28.228837545394395,-5.719139656078001,1.50634273065948,30.203643561384812,41.467226632425394
146,146,48.55727140081823,10.47103246626837,-64.9222210990649,28.42111431755076,-5.4981593116281555,6.2075755103256425,29.60522102343251,29.598954290225247
147,147,34.84957373253454,9.760438077967926,-77.27956623406699,29.263207209173515,-7.550087796104432,4.155553566140068,26.74301737023085,31.707305631266383
148,148,42.78480041388242,9.722248583185507,-79.13300276996533,29.27155047338989,-2.508895908271066,3.385459725914175,27.11711812209433,37.200532853552744
149,149,26.512607831679283,10.13974004093279,-31.431667729661303,28.469466898318153,-4.836519141420743,6.279176542845212,21.391009424441517,29.486658020644096
150,150,31.275567261830396,1.1668548607709752,-53.604365133011505,30.086944816069565,-4.2222975854277385,4.304165536735361,35.71302238387793,34.159490756137636
151,151,36.76958310051458,6.607901284728722,-32.991880426345546,30.668137113859892,-6.731673467711838,1.3740751086479062,33.899392434530746,26.994739582294244
152,152,9.530937986887,-0.7574053419468445,-38.570312619878806,32.09461596175041,-5.414350914701433,6.538478120181946,29.115270427485918,35.218137621351254
153,153,14.730726320048731,9.682968674434765,-56.67132010871473,28.426076470172163,-5.628376167997251,4.997219173647656,30.63931683806014,35.99899700121422
154,154,18.987743440649233,1.188003572425143,-28.617097430933242,30.024589178989732,-2.3411595167091916,1.7405427989462732,30.80413390859814,36.166427939557074
155,155,7.202894050962194,9.264083179696701,-40.936140664247006,29.50546659922787,-5.502937417623778,6.201757999673865,29.162327137474993,38.53209252282562
156,156,7.332006648193427,5.312359557309776,1.8319748445807331,31.557445923304453,-5.024285711722176,5.7613713783542195,29.974083252814893,27.278087955291358
157,157,-14.75234082352497,6.294730418389305,8.807676784599549,30.85859021353903,-4.806567870321617,8.092568525847398,41.28634677487332,37.78501803610202
158,158,-11.666606605155751,0.7703165871957705,31.953716918457776,31.659150858160356,-6.465459841008465,3.1015520282421303,33.70811389427466,29.10819781632668
159,159,-5.2981774106472965,2.7638846700966875,29.332971057068477,32.62035324323007,-1.9029191047456626,4.0126283075535865,32.291454798461785,42.09150317106286
160,160,-21.398773934937477,-1.2818227416899033,26.1122645178326,33.3844059453957,-5.349138401996541,5.282885558114831,24.257280183659386,26.8190769896664
161,161,-11.227372383175538,3.277655883712473,42.73150926681376,32.02942508950905,-4.8549583216453716,4.3231262672693,26.281768147137278,36.317792419046064
162,162,-15.35590624951504,-10.961430078550588,43.35218780906836,31.462221435911967,-1.3285476569598131,1.0893307484284596,38.41172334046934,27.182221736762738
163,163,-17.471689760936854,-12.593645888242241,71.12955285595658,33.244619519836945,-1.0825565433242308,3.177246354199606,34.37716968033464,28.887965208292037
164,164,-39.67648457582847,-5.216351896030476,99.58953743144707,30.36556685985171,-6.02501648378684,5.385686570695727,32.559460696793515,36.93139834635055
165,165,-42.14491307488368,-7.361748110671359,80.08817478017833,32.46322755912418,-5.390818181918762,1.7751759976569068,38.28200063763374,37.55312123802232
166,166,-47.45163627261565,-13.410717211899586,69.01589433481318,34.14771862182087,-3.4602264108672873,6.026417442455691,34.569900336262215,32.40898531811214
167,167,-43.806536951254735,-14.331878397676277,64.12351281741674,32.26006151807315,-4.899756936613527,6.4502377512686095,35.08285712545257,37.677953656435776
168,168,-55.27011856220163,-20.999612399972815,55.79967102170417,31.68175329014821,-8.239512784379423,5.484015887650567,31.397534955299193,27.9439336082385
169,169,-38.597740972309204,-29.483999713932892,72.53932698244299,34.01409147224396,-4.848457344383603,3.1835531067850464,40.548236885613484,33.88786931188852
170,170,-39.85127297446898,-12.152386524203584,93.93491669015437,33.18235844224791,-6.467844304761786,5.856752165388535,31.85623927697327,28.953296397266847
171,171,-33.714784473648365,-17.98580187829665,71.70938090558124,35.27482355721844,-2.7614335907347725,6.384784003396396,30.54109342718464,33.875020699962455
172,172,-52.49180087819562,-21.943310391150256,97.69391813795781,36.30913534824785,-4.809987117386288,1.2182142182960516,30.11725326201307,34.70868684421873
173,173,-78.20965378141528,-5.019055042883821,118.47604600437947,34.72525431952316,-3.180071208746429,5.298952147651847,31.298547636966948,27.727829517132633
174,174,-49.358370335939455,-26.66537471590479,78.15098519093189,35.48127950857785,-3.025402335134345,3.8591630994099635,39.35759923545131,42.31507287226566
175,175,-36.432533922661,-21.348303223614064,64.3995456934517,36.39922526498411,-4.042791768721347,2.455506726116937,27.688930190012343,30.55113101112301
176,176,-57.332776073888475,-21.966445813183565,96.00328001414337,36.31327398349676,-1.9720742123831392,4.572633733466273,37.39281675476673,39.371390058443076
177,177,-42.08535796455234,-24.52234027714093,78.07339056172515,33.54846448294446,-3.1257018464253727,5.560656536276262,32.10586343231986,39.1742331538696
178,178,-35.129673947799716,-25.926061639710397,114.87183687985983,35.00508016429983,-2.2830379946964126,3.0770445549980554,40.432806418269195,36.222821237051676
179,179,-34.431404511692335,-29.42435248403384,86.50362740277947,33.348425533600114,-4.904755820257794,5.331889140909469,33.97258878509224,36.78153044380467
180,180,-54.50641084890005,-33.70451284074432,110.94444583789397,34.28839377307881,-5.640367555452044,4.325131915732419,34.6942942748655,50.177187066719775
181,181,-30.37470885030706,-25.00159127488952,78.31638063655322,35.83311586050439,-4.3050420593007015,1.1381334138849954,36.81268873438792,36.320569911484014
182,182,-11.830341108232304,-31.660184034522374,72.89922617221552,35.302124330472196,-6.169880493595416,8.165798879066763,44.94273754225726,38.42164703821115
183,183,-27.740126886875288,-20.29716657796079,100.20962898645766,35.08584068537777,-5.289688581675367,3.7369031894773848,40.610222689584155,46.445444300426786
184,184,-21.92176865887661,-26.08170433049045,67.81070628640474,37.600963360149166,-3.5210212807145016,0.03172979184258162,35.68554604990132,35.96580784665688
185,185,-21.893431375511724,-28.283361361186092,61.109961006715636,36.28170665166913,-5.9880635236622854,7.0013107710246345,43.995669265077524,28.895561074579774
186,186,-18.742692281566807,-28.8835274638153,59.151263344075616,36.16030096930218,-3.3273338352997555,2.8700533644639052,33.696334399000236,34.68503507731161
187,187,-1.8462908858699274,-30.901352229106894,60.75861858416208,38.481911431639055,-4.793190017448114,4.446500666609247,38.581947187729945,29.996216531419375
188,188,-10.008592010941255,-31.127060093882914,26.554330118431643,36.33932698070699,-3.7907118644409854,1.0049071088076063,40.826967564548234,36.507132789262116
189,189,6.799138756700882,-33.441906197919025,35.30555845918082,36.39949569214966,0.8214727791715397,-0.6904297914160282,44.658808756080504,43.634808187911375
190,190,4.4152989924795865,-33.67850360984051,33.996981650251854,39.46099491715145,-0.6748069168709718,0.20013836135881058,33.57472587242614,41.38915359545464
191,191,10.487125228836414,-39.21220808337874,-7.382835307773398,39.182238942316154,-2.042590358858595,1.5923185985007118,32.23023085861317,37.94726669006797
192,192,13.105310891837664,-30.749803846118578,1.710900263370199,38.01065081061124,-3.3201923799396154,-0.6344249849015454,36.65957135876031,32.78093300522817
193,193,29.710869330684158,-26.395545142470148,36.92038671633526,38.04398849967339,-5.157098770572727,3.2543412592460133,43.45395263678696,41.031544334463184
194,194,24.872252240455918,-28.76181620295523,40.7567038550759,37.28554008786128,-0.2624707952537113,1.0080897098263732,43.64972953427998,34.747371863985386
195,195,30.651052715408582,-16.22716950643651,-25.295030997757898,38.501795126833606,-2.4905429882422023,-0.6812639034200715,41.93266366984956,31.681662232177306
196,196,25.631768869658046,-27.99482846060308,8.656670990379343,39.60993219875435,0.15302473707581954,3.298162195863776,38.395997552828646,33.10462317326361
197,197,26.028486288041652,-23.223385692127682,-12.317170824267873,40.459014117802425,1.1243744599411578,1.0884425768640091,39.08243735243595,41.73819419240702
198,198,31.809831628721213,-28.775138919006086,22.933343430099733,38.772488969975825,-0.10584579294384078,-3.856401410207362,34.32626827988116,40.76280049819487
199,199,71.5947658344727,-27.744826037120706,0.8607722139135774,41.24575248266552,0.8931931896987804,-3.179019198381963,45.460513556076286,37.36671819034361
200,200,26.38138017691754,-26.749713132627313,-39.934276841712055,39.128626947539686,-3.1533850824937044,0.16337259709744656,39.13377629569476,44.793855112013624
201,201,44.15041279649897,-19.82132157701988,-12.399179166775813,39.63882816732255,-0.5297292271428611,-1.3154687507894036,36.489918376140814,33.276523463900325
202,202,58.1982765706488,-23.416893662365304,-60.426538223750974,40.41720057413546,-2.5720095185542013,-2.28236311192342,39.54521367919021,36.23716316184007
203,203,44.70414758646823,-15.657773483742114,-58.77037845280762,38.852933327706836,-0.521530643707198,-0.8595691372907518,50.236639407494536,45.69263735547924
204,204,55.91347830582377,-19.418320596980166,-70.8352892894559,41.44355443840844,2.1737956078521083,0.8749683599785485,35.63449780122504,38.111005993947344
205,205,48.4390712044642,-27.62346505038055,-46.395890918850796,39.93001991726945,-0.8196641218273742,-0.13116836252615482,32.740587592090634,38.39660052226138
206,206,49.95159614881008,-12.087681015712274,-82.14266080199889,40.240965110344106,-2.768884706514921,0.9613885002243525,46.642589315668424,44.92986843974525
207,207,45.948688337051,-17.439157500539444,-83.57144125533371,40.01662959472932,-0.3795563035708357,-6.314489315770786,39.13086552259527,47.75591972092103
208,208,57.8846573780402,-10.090174547978965,-69.61088554054103,43.09306972794286,2.91505002046977,-2.164558996507873,32.67266745630375,47.37040174138118
209,209,45.499068076944724,-21.668529621522513,-134.86161321181459,42.372967595979034,-3.277356476516357,-2.6369585215789098,49.87484047519507,46.77444095253901
210,210,28.769591048654608,-16.01555893508356,-70.01107330449192,42.09695344277717,0.5167149797574824,-1.6467908707478367,28.564208035817956,41.99562985253256
211,211,44.26394547779249,-6.783071836334181,-75.28716792249737,43.41430919683187,3.703749223491448,-4.1751972506148025,49.454958369421874,41.644891433586125
212,212,28.224284016192954,-10.861016438832197,-125.82633385574017,43.223698355733106,-1.2410977927261686,-0.5482859963627713,35.3064236065255,47.84389430112312
213,213,29.519843563029717,-4.5114221501551,-84.99593239101513,41.54994696542615,4.533232591360167,-4.129865496050638,51.26318266265666,42.71665904211746
214,214,11.915509625120503,-16.260856027704797,-87.22773566340136,43.306295963081425,1.737771034045892,0.7371667392854802,42.20998560082283,35.36218626904824
215,215,20.003387778611195,-6.679393372586772,-70.69952679954429,44.925549914550245,1.051747749465017,-2.0452653535743734,46.414742888931464,41.14635136608565
216,216,16.622320337702973,-10.51585171569357,-77.20793760755646,44.100594355463016,-1.4931347824263483,-2.9189397461661484,47.31644022323932,41.20231449006765
217,217,37.156055530985135,-2.396074643098265,-91.68206836751543,44.71249847132432,-0.6526986173993548,-1.611006088940925,49.18708983816441,41.9186480548417
218,218,14.29581709435185,-9.011247189252884,-88.77696359400683,41.34775395589428,1.9072163653078937,-2.1731134167645303,42.34763476173973,49.41156867098454
219,219,7.970181976522401,-1.8006683994954156,-110.76552507634764,43.9639172729268,1.3131661573675866,-4.931836528611874,46.41624555321815,55.57711010697835
220,220,-4.601246213231934,-3.3310487754428606,-80.79035638691417,44.404779602865986,1.075178578640622,-4.492289905203242,45.04926268353039,41.43658931388305
221,221,-2.2293827956932684,-4.857294344088728,-104.82682022898831,42.82128051613627,3.352819867172265,-3.1691915209085595,43.750214872353304,41.69007941214092
222,222,-10.578532168435052,-9.209950058491266,-53.931136745499586,43.63352144870895,2.147123775860204,-6.371393831900111,55.045528341876754,43.71508271814865
223,223,-15.614504470655266,5.27936814491769,-68.71960825785375,44.475420130925755,-1.227486333757584,-6.608415559847696,40.42923016666059,43.77641630971921
224,224,-26.77927692926913,2.475346814989231,-73.52496294144173,43.90467098635091,2.3101668353627143,-3.077254196606674,41.32938004785936,51.07409732041487
225,225,-38.72172074295571,11.764597405563354,-97.96078670337647,45.14337487952626,-0.4997990098668712,-7.094739398172541,49.32688398668402,42.57570791651621
226,226,-36.23994316335155,10.12434648484714,-52.82602612596408,44.819286274459515,-2.220337335988657,-6.630298048677877,42.02274958409399,43.011726761537886
227,227,-35.17341644061464,7.885909932265305,-62.43272370892656,45.17584189059414,0.3865786999807672,-6.490243720582193,48.60078680823378,50.19017228228933
228,228,-33.33260687060333,11.565228858066991,-94.84570956514347,45.13849452515915,0.4730869994901701,-6.205423162715199,31.398912652393552,42.63829406408644
229,229,-40.20726051489918,16.80214206415522,-25.002816970439152,47.90171575051279,1.5021344938105745,-4.387885938399311,48.61970926240679,45.9665467959705
230,230,-34.71185263243014,13.044693418605544,-40.85926778978675,47.15596413068474,-0.21016549220184855,-4.817634688611795,43.48785998595968,51.06985693826726
231,231,-52.18118506589819,9.935154766645526,-40.93570912265162,47.39246170328637,0.6944504015722588,-6.804145875287681,46.579669604532576,44.84977927289292
232,232,-44.4978885418532,17.729421490090328,-48.812462981728046,47.496351589470954,3.926122199532119,-3.484039577749323,44.29014055166468,38.189615836427414
233,233,-52.97603023725157,12.32905053081977,-3.8034048598395884,46.573227577658116,3.9439997104747864,-6.980526766847964,49.234270701648235,48.49832211647963
234,234,-42.60347738428002,19.527291481604024,-37.83956496564965,47.545253829071584,-0.8257814591394461,-4.156878278184249,51.01876238768099,47.270056769100144
235,235,-53.73850184178242,13.301952386825992,11.758917895461057,47.18385482680772,3.161363966247251,-6.390531968295273,52.9072972885611,44.81920687292557
236,236,-62.00741988890297,22.76039500793785,-10.812884521388595,48.601422485683415,2.273223897943587,-9.386175964051311,51.25102259801916,53.03797393823928
237,237,-54.4952500550242,29.124554274199596,24.142379209995106,47.2571527803942,4.9050285482954115,-6.663634594213381,54.732560859916084,54.98688788774533
238,238,-45.60196635181689,26.356193450550798,25.81156520519554,48.34525406303876,6.37016130098743,-3.026858109025538,43.20586668257906,52.70828106347399
239,239,-43.460625062509166,27.07342647738157,34.34295647249144,47.16671079911572,5.504652668492914,-7.160914637424888,47.68234335196168,45.37777798485265
240,240,-39.15201370798827,19.74426562547538,35.81683606210559,49.5664427809075,3.687635053023346,-6.90733780396271,50.74873517624611,47.485047913793245
241,241,-40.87675758344658,29.716881401151596,61.24315135620039,48.453076648765865,3.267806562067317,-3.4050857123197273,54.33037356841626,55.75610751912743
242,242,-37.43009341452722,23.420357531677727,43.9844268042714,49.74504255721421,1.900945552249301,-4.2893194186397645,47.499955488619776,51.025056623691064
243,243,-24.791618616177924,20.363908596412323,57.24281969612786,49.02502267740052,2.907296682886516,-6.584001125648709,53.14583577491359,43.37569863666129
244,244,-32.045453095504286,30.470648421983544,62.456347380366374,48.060387218476265,7.00330822536919,-4.836681126235151,51.515657958632964,55.17098365087439
245,245,-33.146599688338,29.36239110389658,94.52892731502456,47.835821771942456,5.336681531935858,-3.379990283037617,48.00147307080294,45.62984486434556
246,246,6.170434111584907,24.242619157304915,83.70681863289136,48.93738679709629,5.782935708608408,-5.122890600840209,46.57674024385156,42.83753471357122
247,247,-22.643330216636652,26.0085140788682,74.97048386609076,48.55989480233468,2.1957613013665003,-6.702221381980198,47.88348146204429,48.92007523621567
248,248,-18.596449570231833,25.844266781112736,70.44375744717269,45.660620392616565,2.998962687539689,-2.6027174691946415,49.35731977571182,45.61015427236811
249,249,2.783461047669226,30.111656231641124,88.58824613249244,50.151812471218626,4.417368283982576,-4.873386617080383,46.278355656618366,53.96692655306565
250,250,-28.16575108694936,29.79342136953808,106.2620631632446,50.99567168617453,6.202759929966309,-4.378055334309082,47.35461011768944,49.55784690353231
251,251,1.453874879959263,32.673619570701405,90.3029866509597,49.7020762360545,7.653583797195818,-2.777419982123588,46.33604552833638,50.19076886564061
252,252,3.4721458708448205,23.60196011242522,100.95518788767632,51.88717240899504,3.6061076082585775,0.8639700044688263,47.91150931846465,45.4925526085474
253,253,24.226324182193295,26.159349408173984,81.98510639472394,50.70269095075031,3.225863574908287,-1.6932442685255182,55.080584231521215,52.41769749007631
254,254,20.573433829862893,30.19342375448135,95.71724254756538,48.522095414482735,2.924489267109232,-2.1895591616417187,52.03553029890873,48.95837203193969
255,255,34.3321257111034,24.942583437029544,97.24972083088316,50.87216582145815,5.544704804468038,-0.6102655781547224,46.18315918206568,45.733758992296885
256,256,24.440475817923325,19.022289020705326,104.27015257950612,49.88742723787014,5.43830049976742,-1.3975723950396128,54.8111661544419,49.91984017927741
257,257,32.48810947915006,15.499696242762127,75.80225906463033,50.91694218134989,3.411416664447297,-4.958939364122197,51.12379653559725,54.20802845591686
258,258,29.48949814999714,32.661172302504305,86.5487920992652,54.10447509913835,6.7924095392698804,-3.1739258100241257,53.78595130358591,61.053602455258414
259,259,53.04109410824332,29.07634678218511,102.64053940579456,50.647623886650116,6.397577303186154,-2.5487628322043796,54.609118679332155,46.461233124597676
260,260,32.06593650832801,19.528422944924444,97.79464507138098,51.895306489489855,5.271293950097265,-3.221502295739887,46.21410832371272,44.480953105352725
261,261,56.38252632536391,30.423662494239984,59.94637790524622,50.11297777370942,6.434626141200641,-1.064972925920004,57.91846625120254,57.99394112099657
262,262,34.43068495723143,34.413538028372265,59.88469054046813,49.8903399623117,5.698689324305474,-6.088824021610479,53.78436450934114,57.05703314656651
263,263,53.680996909968705,17.861791307487948,115.09954149871449,54.01760708399396,5.279513863982321,-5.567393756814526,50.18853353451004,54.11337358903879
264,264,50.19510354297547,21.990093742165005,96.81838390739534,53.4649368589184,7.392613539676714,-4.5525724101944185,48.51838654310289,51.935474566547455
265,265,48.97284270615941,28.996588341939784,88.69820845604325,51.780476743461044,4.5305536708152365,-1.7507080597235687,47.298157943326565,48.661405805442115
266,266,58.66584352059621,25.664125929310906,74.59964153434728,55.04043753763736,3.7966201863802667,0.8216334971313402,52.25342489546797,57.08020526477686
267,267,53.78743474099609,22.259517090396443,48.21492007798946,53.532289022642395,4.625910277236694,-1.419426530774415,55.139152600299994,51.60857702099007
268,268,67.09957194929899,13.170944028597074,38.95360265347681,50.90666966711338,4.586016162678339,-2.3506821070588737,46.856971224112996,52.2065388001201
269,269,50.17984424250514,20.58550147749618,50.41279333745712,53.976408667279415,3.251401969631085,4.90370237116028,51.624355183389206,45.66148095128769
270,270,32.67274947667927,18.189469142097852,37.93690144264989,56.042695495607454,5.472252546915378,-1.9779989225669121,43.29100985556281,53.59605260070681
271,271,47.13947263573208,19.914100397227916,17.078257637321173,55.34409757549692,4.017167950737431,-2.3378679330714958,53.0431289409265,53.9525357990867
272,272,37.667714854556024,25.402795493665646,1.0661402127508914,55.57262637736916,4.076105483275945,-1.2030794784867798,52.99740188414493,53.31648556167582
273,273,40.8956763343791,18.500634412539227,-8.263993304580078,54.88280027465513,2.1905445995978514,-2.7461060161452973,52.23833562380884,54.31605986158832
274,274,33.24128963469595,7.616900444280658,32.23070742388624,54.356626659104215,0.23459874689570892,-3.977468392320558,63.258964648628805,54.55234169946253
275,275,45.041164367213725,16.38963826247148,-27.052313385185037,55.75908744088375,5.809551233480878,0.039320305031585345,50.702326424340235,62.61094973108708
276,276,28.205249577946045,13.136231515233579,-8.706992708326752,53.78749902849367,4.9176796667849425,0.3398141649294544,57.10206985367494,51.19696664281373
277,277,24.203884085948314,4.01980024578232,-22.523712878025396,55.4226232392191,4.88840831057995,5.3543382178117955,56.73904022125387,54.64307535281289
278,278,18.680924456364643,2.7341827026363115,-29.38422156343937,55.402009679552506,3.727801235975885,4.080900771050843,53.057798305848536,56.980682774650724
279,279,36.4461173328997,3.0965771847814536,-36.10318291959917,55.98935781555596,5.934823350062836,1.7791566373226657,55.11073652109671,39.3710635506237
280,280,25.64200261976287,2.50288119332103,-29.12483845819945,54.43873715916654,2.5886541615991514,1.046390384581768,59.62075974072089,58.41546589719938
281,281,7.7600985240173515,5.357073083515507,-60.7820250404297,57.764648709940836,7.029786325874026,2.433651636611244,61.05930059827879,53.9418940888145
282,282,-9.494964184506944,1.1350789195007747,-47.23481407891152,55.851836164140764,3.2933201034872113,0.8279136494459858,51.156519513697766,63.02436085987617
283,283,8.270840627288516,13.330034415966498,-63.664324936013514,57.23119864735942,2.5279632508081677,0.14823312236587838,57.3541122913722,50.76343754265134
284,284,-10.999180346538392,-4.579355214249492,-38.104572134804975,57.230684289169155,3.355805613109787,0.4464408790880161,56.27487463815732,56.87861773032248
285,285,-18.44158991703128,-6.232118461652069,-91.01471573375434,57.768028106199395,3.7217628351622647,3.572579871142322,50.173891287741874,57.22609430356728
286,286,-16.903240022960546,-6.689100236300508,-39.23938312028351,56.935313479603025,5.087218330116759,3.129711123290691,62.562319541336485,51.4700069245684
287,287,-5.6251601328168945,-6.0453281864678665,-91.37159054300926,58.92210903895901,1.2825756103061443,2.437779257477583,53.32223550657901,51.026319698247455
288,288,-19.605282142845105,-3.203578570174904,-84.27576401547576,57.17423038901958,3.144971100766929,1.7720875476993148,58.241531282753236,64.02991244380846
289,289,-33.97954535159534,-9.031957768745903,-66.08238667359787,59.360442072820874,2.551520019157335,2.756903942622005,54.17753961654515,58.21617289961406
290,290,-35.36167476355006,-9.200680972450971,-113.61884262874668,58.271690496147734,3.822181088703232,0.6173609163896159,55.398176760868225,54.40043785161285
291,291,-47.99615915488298,-10.106796554518029,-53.44979926315126,60.62066087160121,0.09646540263460945,3.6074637262578575,58.86211868974113,51.1057852923914
292,292,-40.547124993235045,-16.6572874909336,-104.557254564334,57.792687839368575,1.6191923968486857,0.3876478550698743,61.21474394285868,58.062863127909274
293,293,-37.06085768992454,-10.339430813983885,-119.40591974985689,58.72795511790059,2.1376234335344364,2.1689032277980647,61.23161976989811,52.987227209367404
294,294,-36.12092056679623,-24.00570568029639,-110.6451021949114,57.76622435982312,3.8779597103556203,6.241557934359033,60.631546736737555,58.592385867422486
295,295,-65.67096113579177,-15.354843966946389,-143.12617859864275,58.861636793791185,4.329823053941452,3.1191769862339926,63.31832828773625,69.6278175912056
296,296,-44.78942514928827,-16.81734747253264,-98.65795553371322,59.85278790319187,5.233253311601445,1.0172819904870387,61.346976328142546,58.301170279536734
297,297,-61.8268844368991,-18.769757481360724,-103.53291095071587,57.26538638823641,-1.6597030979497895,5.885343273021521,57.85721071364195,65.33230809268127
298,298,-71.42684102007009,-12.741474030725547,-121.91064290011455,59.96236534589809,3.444005954686709,4.990893084314729,61.541925316262585,55.71181896370462
299,299,-36.01732820744525,-21.964025589145095,-113.15865900878735,60.84508448406246,3.020703892204285,4.051738354357432,59.86715963525304,57.17865144155557
300,300,-50.520689659490465,-18.298912982456756,-79.034533201574,60.32705559533464,3.001614354079405,6.019961350478534,62.70760435693057,58.28598726655383
301,301,-38.45852973923053,-25.475521073216687,-107.42013200561983,59.61536524734688,2.502155813230415,8.234288688315637,64.81725746859932,60.45665453095723
302,302,-51.03756222335597,-22.68032218165377,-65.84807067276418,61.628736212696325,0.3636289119606455,5.196744080754504,59.68751761168299,58.91345659127441
303,303,-39.42754187941229,-29.062768444854015,-76.95626964963364,61.031340492884596,-1.0392932988075192,0.3724592348812097,61.2668626583986,60.611917723482655
304,304,-45.291540979879706,-32.68517244490589,-89.49121365862638,62.767640914362524,3.256376605596801,9.501720042332156,57.30982890650336,59.71958590380341
305,305,-48.22721140702993,-29.65629394488003,-62.55683028669711,61.66163663595867,1.8993499806009038,1.888652479719367,60.08987990856617,60.467600468106866
306,306,-27.387783326694205,-25.328780170508622,-79.80047232498183,61.37167792862739,1.055125025738129,5.383018928958287,57.654926964980774,65.23060047753273
307,307,-35.12272430159574,-32.81505155266753,-36.801615386680595,61.240318819166326,-0.6346377976924822,5.98742007969148,61.80065465182734,56.81570006070329
308,308,-43.872670693898705,-33.72544857642024,-48.75787658409705,61.2466526556056,0.32694222307606946,7.401072098532296,55.57075371928848,63.77508034073712
309,309,-13.889358850043777,-23.629834931327583,6.924046873586057,62.86263638208082,2.3759379740123974,4.480419314567787,61.20461402076893,64.1637211811634
310,310,-24.18918457413865,-27.05087843985215,-4.044585728567647,60.259910062620904,3.3124825137012506,4.304334705490577,63.432139335373314,58.97856920475977
311,311,-15.418262126704,-29.98610647237728,-39.33074985891451,61.562278701104944,-0.9671684370376671,6.199676242407504,71.00919276816431,68.58926557599192
312,312,-5.208017989147415,-23.156548976892772,-2.456164937479098,61.02810271871779,-1.8389095655413368,7.855460065708453,61.72938731234795,57.05263539314431
313,313,-7.046857839962945,-26.831057298640832,-21.07353666961937,62.42162062071281,0.04755891476189311,5.943740123270994,60.81574085124609,60.29710389210194
314,314,4.454086650053506,-19.417978250142394,-1.959992086073201,63.57486303234223,-0.19392441191046378,3.033104435416682,66.15319096937351,49.31428110377471
315,315,17.469289012356924,-29.40297083874448,20.775433211195622,63.999445226159914,-1.755375246343275,6.843255610409844,63.07526368526989,63.495877551375166
316,316,7.4678972558360845,-33.44449815236402,8.290550201453769,61.837173499092074,-1.683550675920894,6.465987536477366,70.82824206758369,66.1203925447283
317,317,23.27801220325544,-35.96726502004059,35.11370570572231,64.36132255457824,-0.799127103269546,1.2891530658686952,66.07776399151997,56.84761244845402
318,318,30.04612934700806,-29.59383678821086,46.90836552228392,64.3177473833772,-0.12148074957416949,3.446610833045069,61.63350273449933,53.01831417454118
319,319,23.710780767878838,-26.137601841379098,30.088538351868504,65.01344186280119,0.09357943957605785,-0.3607299224440128,63.973421168007945,66.65957674918313
320,320,28.419022998442323,-35.031971167211296,39.23302689037585,63.963449254761784,-3.5683499915874823,5.727547251440376,68.40916193783438,57.132099078810796
321,321,40.30172131354148,-30.675631145196526,61.23955642975405,62.203883986623474,3.415534051049928,6.616113359640514,65.18423422255059,60.27950228943718
322,322,29.274332925706123,-31.1844832287918,45.21379112000638,65.03430016601914,-1.138147857545004,5.535997635076827,67.22891273145068,58.751714428325066
323,323,19.605975615333477,-30.689675438562766,28.889355492985494,65.01258514023031,-5.1670999716066435,6.767036829163264,66.68806530652438,65.31922284672856
324,324,51.370449399391404,-34.65818831283654,47.15904323702132,64.90078230973229,0.07209057316806611,1.613928765604649,62.55574894910238,54.546072810785255
325,325,42.02270999439796,-38.00446092129637,83.15584179724385,63.94633987908602,-3.0134163246128285,9.025645910157799,61.570853154490536,67.54596271847652
326,326,40.63126222286695,-25.783315381073592,68.59595879256793,63.44891431563681,0.526192724305556,2.218592253894949,70.3975052365966,66.16652887778045
327,327,56.15862892751592,-30.196731254284575,98.94987242089921,65.28882677979333,-0.8268709834563324,3.977705675803395,65.76182876796146,57.67849218432789
328,328,46.03924344073553,-21.307634580118222,56.76158026232551,65.78827132868565,-0.8817825646790338,5.515032260104515,64.50410539141386,60.88979095581094
329,329,31.852111953444933,-19.275268884801605,107.54106372581862,64.60359794872838,-1.714979499734055,4.215207772223752,71.47733680430349,58.89358722630172
330,330,52.91705813660652,-15.481938299888009,115.78782871484907,65.72237748320059,-2.6475331395133024,2.553388250852411,60.90831214225682,65.80127187118792
331,331,60.40811639953107,-23.13284651593098,101.06587842290232,65.9501102444861,-6.788387914707819,3.5516642595687293,65.55116312375662,59.33952147876669
332,332,66.93137155996774,-29.523490529199655,134.68038202164496,65.31400857822307,-3.2182911869577646,2.0912606522456114,71.91871876289012,69.77996939822744
333,333,46.31362560539131,-10.06474169576932,129.03708403210436,65.40468029619504,-1.18873571448735,2.52712873810854,68.0666639679577,55.79493832613218
334,334,64.14347139936453,-21.583017635111187,91.1928225405275,67.30141331865919,-3.5524780450577653,6.092739367583059,67.29038641799097,72.08918814562676
335,335,47.593861339099995,-22.216142171369665,145.82899841918626,64.59908314424642,-2.3493174382942565,-0.4892747826560817,61.48945178502695,62.47546360905497
336,336,33.12872597337157,-13.201894451783271,99.22055218319493,65.45601070615089,-2.5627345257837986,2.3515528260499803,69.31283670044961,67.96115615686702
337,337,32.10730080784885,-12.345993352563825,93.89007600446925,68.33667452341705,-2.052320068812719,4.549187502874885,63.71327899126659,62.31120694346316
338,338,41.31680148819942,-12.499733906520078,117.60325321009464,67.54485401465844,-2.6392684482100077,0.02564042440274239,65.93541763826924,61.891426862837804
339,339,27.192961044508507,-9.230932284179636,96.37229313182917,69.3352762187614,-6.719013259001428,4.9360103856514925,68.96643850351566,78.89176442399737
340,340,20.231030942872344,-5.754840673701621,125.34023643579712,68.37464613817306,-5.303467264118103,0.18777377143256047,68.0448585329555,70.88489067550336
341,341,15.31909987436915,-2.2505098944534803,82.92043532485408,68.00823243999885,-2.158188586223437,0.8133859317470153,65.2947659397575,61.444549277849106
342,342,14.038165152330183,-11.862527604131898,58.133485027224324,68.66165473681856,-4.698758539737514,-0.27251523381375975,73.69204985184838,62.96723899700794
343,343,8.951065497108996,-7.107081295729439,86.20096162107191,68.14381397942066,-5.974166577609084,-0.9387206860234771,62.318270042939034,72.68420672214636
344,344,2.7856743688638907,0.19455690057059982,85.59398872384057,68.1386023736765,-4.47483306454933,5.88061888087827,76.65683545695917,72.05313762102396
345,345,2.6649097533073176,-1.7335972311895795,73.59806757630889,69.27881126375368,-2.4507378417943118,2.2820148222766727,70.96309572557536,65.85681957140588
346,346,-0.35814082300221894,9.591565274353664,39.21106999577618,70.12802105026576,-4.508148267534382,1.4328882524534008,70.24262267903711,69.00974790850915
347,347,-0.9277247710127963,-3.2710911420961963,42.45067724675691,70.04661451793393,-4.36250290866365,2.1811166423655646,77.130184565679,73.45065432299307
348,348,-0.4730463661435671,4.749478849830727,65.54564775232912,69.71946593000848,-6.6802329506824005,2.1934103732355834,73.18779050533956,65.76848665277274
349,349,-17.10716845524414,6.604680244149862,44.11165169566593,68.98660169921337,-4.012018806640323,-0.18857165864133896,67.5430638549767,75.4991140351575
350,350,-36.14303096637191,3.816111920832599,-17.592447569890822,70.87342521066597,-4.86280831203115,2.7204472112185103,63.59108537975035,75.76249005889204
351,351,-15.868840617246253,10.216032156758908,1.1060463503540916,70.97834994239153,-6.952231701875789,0.4501761731147419,64.39375587006472,67.71737587722222
352,352,-34.97565697306002,10.031492655229004,-9.984585695409098,70.39440454752635,-7.114645333602926,0.3131142452789522,72.49507794145163,73.49689583876756
353,353,-45.64932201182175,20.509474993806244,-12.290350337878028,70.43371809660728,-5.588286974993197,2.2405605561871003,69.52941273785152,71.69924742306979
354,354,-31.759156023409506,15.871565668001015,9.063913894325877,69.46625084537733,-6.220512769391849,0.2759607159658459,65.24186625989503,63.21177912895058
355,355,-25.236348542015378,17.494697986978295,-14.020194720509341,72.56488668424055,-4.388862083059655,2.506371567272227,76.81077005698002,74.93947383859506
356,356,-43.535717647859514,14.644068202155257,-25.076673349286583,71.72309032972551,-2.32406296256605,-1.677024115810891,71.03001838676647,76.13495713514669
357,357,-36.302067057071596,22.531981794435666,-23.646944593617057,71.61519654626794,-4.7608355812629926,1.1949827529714618,66.07426299150072,70.48959798794756
358,358,-50.59551264075492,31.292764081358357,-23.671671532494983,70.50397502609583,-7.252213472349027,-0.17749413449862073,64.46389387187476,70.56876139313222
359,359,-55.027120744806915,14.479399695318307,-52.223241956077494,73.66309287772644,-4.394794187541758,-0.9962802440362444,73.61092993569841,66.60267144994587
360,360,-42.26677702286996,16.916969271611823,-52.43099450493976,71.54493494596038,-6.6035038099372185,-1.6512187979965676,74.40527396400849,70.69155782459731
361,361,-63.20119167503931,16.96260231485126,-48.59338112303872,72.57780929557804,0.0092887320042907,-2.7344811047060404,79.93760319138555,77.66367259522052
362,362,-58.69807736845394,22.625026383408702,-40.263148239477545,71.71295559854339,-6.371489247161245,-2.8342667295937396,73.74588832812857,60.986862968613224
363,363,-59.380038402337895,19.652847596495057,-51.94507760579886,73.01678436749432,-3.82954077872958,-1.991545524592559,75.5641860603699,64.98969706135881
364,364,-41.298376836400955,30.89289126816098,-79.3117289475941,72.44904148417041,-4.531942703382548,-2.7476839372758532,68.06829495820892,69.85720018352804
365,365,-54.40643220664895,24.113835825610646,-79.87920918605042,73.13976974156104,-6.097191335778799,-4.57775293523256,67.68607755288113,70.7166500818731
366,366,-38.35129312316529,37.07383777317477,-89.38346238585417,69.94595811177665,-8.408025489915909,-0.558047464980751,70.98450552131695,66.71630456670819
367,367,-50.52916455075635,30.46350335969334,-91.457524614268,72.64595846187787,-1.4698413439523557,-1.3561098263552602,74.85293667853209,67.18765229545782
368,368,-30.24318472602408,24.68813754229405,-94.43363055905722,72.84478447046673,-11.235967914565805,-3.4767818160515533,76.12223788870334,65.4090436868959
369,369,-25.06725468093056,26.833906702971465,-121.15681565905349,72.94434282608309,-2.384103280874569,-3.7561370488981076,81.99212687861348,71.5445992014249
370,370,-24.906526896023077,32.659754186513204,-75.68773739972042,76.49608357356888,-5.5926955067234125,-1.315495564827469,65.15013118453683,70.90888286113376
371,371,-21.893103217343707,34.96977765278895,-74.69843590756759,74.19007018973242,-4.106332850077892,-4.3990359274538156,71.14069256973161,73.55293870942565
372,372,-36.32368995319136,21.502368486954296,-101.4859390283695,74.80736232419622,-8.14943411165008,-8.536301611956896,78.5060719503027,75.38087874476162
373,373,-3.871596729224681,25.299185456349548,-86.80491867824712,73.82340501962835,-4.579466786227578,-4.819394030926068,72.55303999542534,78.83725613229237
374,374,-12.770151080118737,28.64914098386503,-128.72575265343912,74.81389145082763,-5.272083297889992,-5.162632256018269,68.63072790663873,79.68826118423982
375,375,7.1149289321624725,31.768384552376855,-144.25335557474088,75.6288162677336,-5.7601971096155395,-4.081105752321862,72.49747608448764,71.60311316705062
376,376,-0.36523881794767465,32.96366691425311,-91.39722644056431,72.53579325049009,-4.9026167617760805,-4.335391796899304,78.27696297869291,69.18838615857666
377,377,-13.447082410999231,24.883511240297313,-95.14891077762398,74.2624013675197,-2.6687658533196346,-4.537648597076966,76.11486870316868,85.67584864698415
378,378,6.708070215657367,30.83450538231775,-76.44095351427812,76.71024491167276,-3.189798551098883,-4.799415991525992,74.69008453320693,72.90254749073621
379,379,3.4169874269450933,32.148716811855294,-105.01113820014717,76.23797628472462,-5.815240492601941,-4.828484771295298,83.18767333416635,74.60498900808051
380,380,12.48279846151098,27.16775468279936,-74.28497424176942,75.70777386951295,-2.957548517220539,-2.4141243295482977,73.59843253235981,83.6234687929096
381,381,4.685969469513191,32.40912287407896,-78.51946054671616,77.12442245769246,-7.907733990769335,-1.6010972592396593,72.30796939588639,69.29723469773546
382,382,11.08312854068691,28.402833076267427,-35.975145372994476,76.82983868270755,-5.427094539223819,-1.5467213650417877,79.67046706687657,80.56984123204425
383,383,35.35462333744087,35.12478451093249,-88.97398424279245,77.31678929166094,-5.403078345308488,-6.324241963588156,74.85333148427203,81.9541283465191
384,384,46.208844377951024,25.07255503801425,-41.51045181632874,76.78450655296889,-4.384772395927127,-7.331557670580011,70.6516928419104,76.99333109751076
385,385,41.143337848099826,34.65749823731903,-54.92639459125913,75.5054081883931,-5.2952436467303805,-3.8416010266036373,71.94383981952001,79.69354153185282
386,386,49.051472207892544,30.382188794677496,-57.03818616351731,76.80067711092244,-3.198693408701243,-3.5912070616268235,80.66384100847466,72.47535330472942
387,387,35.36624864233071,22.155536618708293,-56.12903624064788,76.94448956279675,-0.7257044412796967,-6.469015575119739,77.05880352890931,74.42252707930446
388,388,48.438033499875935,32.220995638690724,-33.05562273019831,78.00635572329196,-4.583259029051546,-6.28145405732423,85.30479903003918,76.8134578359331
389,389,40.563390272379884,36.913784575684076,-12.919840473024827,78.42515955677437,-4.630415751175552,-1.205607454239773,83.96888865333993,82.07477827750685
390,390,76.96451787622865,31.159886135388074,-30.911765872308575,79.66048921545953,-4.999377832950329,-2.3474186822222656,72.20009042645542,76.61151301023274
391,391,68.38252297009095,19.53682904692929,6.585474372022574,78.22079670394614,-2.5445427512695686,-5.4192034980518295,73.91168552137209,80.25728225597734
392,392,53.374450173437715,17.783174698946333,1.3836270204188592,78.58121620965427,-4.26734453533715,-6.516257574518632,81.28715457268717,71.51754516610492
393,393,49.216898760361886,14.533740525209286,-11.2108940519803,78.55358242946895,-4.398364772404273,-6.772487768977128,77.02614245931147,75.75566089403397
394,394,46.96478801796583,14.733561739521047,15.843509982854034,79.97352881141158,-3.907243853620312,-3.8276886571922235,79.72931053226323,79.31581710660998
395,395,40.78494918563254,26.570605423025643,48.70692095853508,79.6432657038029,-3.500932647755787,-3.4523576838237267,77.7261885409156,82.078956543936
396,396,56.430204588697364,16.427200684334593,20.40720111196892,78.81264247230905,-4.423146754623044,-3.7558018723178757,80.35581925940943,76.69511637480902
397,397,55.54094674114261,12.0721024805265,22.684910363128864,79.3522850329385,-1.0662490472404118,-3.314389505028821,82.64907646310061,76.2541197753808
398,398,37.07635689671133,13.925234517042677,33.49542960604337,83.9201892712776,-4.554793979300012,-6.686166514276335,76.76038039127928,78.50852672670985
399,399,33.39839768654206,16.696620669753855,24.87104125808241,79.9130576049711,-6.461490621301403,-3.6336097964496017,75.14597265290527,80.04209972181576
400,400,22.608202967836025,10.376469480649869,68.3809040543384,76.01776754982035,-5.388522409438786,-6.367922469713305,84.39410274430371,79.65149070229583
401,401,20.00129699662561,9.464737683590183,58.89742672602157,80.95265033347914,-2.7471107449948784,-5.863289817758476,76.18727842714642,82.67279337433625
402,402,43.60983933676797,17.369376059722924,50.251149719672405,82.32331202931508,-5.412866539036672,-3.8555571386269576,68.6560466623455,84.61106237948577
403,403,13.104813385263258,14.608611511572683,104.66008632214283,79.24761524071458,-5.300843260150913,-3.254298624734609,80.87701993197325,81.46937549433875
404,404,3.6157846715323316,2.4508639613629066,81.93792725148711,81.6051047962457,-3.245482574211308,-5.127556631557571,85.84739581996114,79.83655757804367
405,405,13.260184520416647,3.6993853012525646,107.20813491544774,80.11541036544698,-3.1592205645214237,-5.035379605626393,82.7344107432534,78.01627382505822
406,406,22.035152214706223,5.423083976525642,80.58617171101828,81.48948473192243,-3.532534718818991,-3.0864604006450147,81.57688433324216,73.19609349766719
407,407,5.791189605744135,-2.306503142966254,94.9893952824417,82.46423157566147,1.0745799159441463,-4.786083052658688,78.15409719622326,81.89235696138083
408,408,6.522745463467269,-6.062643731027481,115.2777478679318,83.49597835779572,-2.5630863052576984,-3.944484973337687,79.56869679462007,84.70169531257075
409,409,-3.508149263572684,3.501614812244439,99.406577109068,81.78117239190622,0.3706748560670259,-3.259342831755656,75.1935524277948,87.34204297054836
410,410,-12.777772889873784,-10.56750047602896,130.11240663373033,80.98846273646784,-0.7023508709028145,-1.6661131366470023,77.35074401811988,76.61161976496129
411,411,-2.828338031484284,-8.63723085638459,95.50824300152436,80.41354039351967,-0.8925832816494031,-2.5947428960689365,88.32182273774208,83.42666290214878
412,412,-19.360041434458562,-4.148035146976067,75.68813070206019,82.1943556946495,1.560529553978315,-5.980324078415606,75.44863637238453,81.29622197111574
413,413,-16.64648152887186,-5.396689753283042,115.2217257169778,84.4708748900441,-4.63236310208406,-1.162798158885097,78.84629806823956,85.04641410609808
414,414,-20.79574150582325,-15.641233935905188,123.60765195127641,82.76032374753763,-3.677818631688481,-1.2476371641301998,81.67411024659411,86.61278223896642
415,415,-11.093210601963055,-12.659975348260007,101.860231787924,83.50390846504585,-0.9422008560123838,-2.638357665270218,84.24935828736858,80.72096098285866
416,416,-33.87911623931719,-12.948167814804986,125.99737674045767,82.51254382469989,-0.385508306900198,-2.193274640978151,78.34634758501349,76.1531918331268
417,417,-38.222884656464046,-10.87002891736153,115.43709793304357,82.97498225677005,-1.6109853602836028,-1.134286644456001,77.17803075080313,88.06620277898676
418,418,-36.71356066639516,-13.497438879062788,85.53802514269924,84.15732006344642,-1.2041892852210143,-2.7311989451111263,78.69332286553961,87.08212016217762
419,419,-40.87529884624682,-15.347170330182728,63.94794875216643,85.62011753037677,-1.7158493564640316,-1.4439051835527315,82.99449326444876,88.09289417003725
420,420,-57.64168845832868,-16.99368622209506,20.64946286218583,83.55464250528009,0.6181530221566496,-0.16125742486837158,70.20516574552687,82.69506003507372
421,421,-41.57510146703108,-26.727604832019292,95.47934345781681,83.80396150274295,4.15607120583974,-5.418214826681033,79.74533307582162,83.12233556043925
422,422,-36.753167379057345,-20.438283854587358,83.29004069172044,84.71978364766399,4.008423419427548,-1.438760329873999,81.5620483257814,83.09451718148644
423,423,-48.06289911532572,-16.439557482774724,70.41636875434583,86.37337759614728,-0.5973830107574418,0.430822616670006,92.92581428215155,85.02659106553608
424,424,-52.78761110306603,-21.63100041946823,74.38702121197821,84.8035873521984,0.5780575469787818,-3.0822527143904304,82.87713060074971,81.03293010806895
425,425,-56.491938204266155,-30.432551833451342,61.30719278487567,82.92087975852998,-3.884753072025553,-5.661206021223817,88.48926172253199,82.75708377761357
426,426,-46.681543377782305,-27.672239323164288,4.59773897023058,86.1839763611785,3.9917511224086453,1.2098775710831706,86.00077810037853,90.42577971158164
427,427,-47.70317098528858,-15.196996052812343,22.85937730910551,83.528787931497,2.0011928962026433,1.3100098747639684,84.76923115514461,87.52102953238834
428,428,-45.31687293464983,-29.290050774829094,40.80475363144322,87.01220472457571,0.7527491213562915,-1.3704229623318998,89.5650510398668,80.52537045563015
429,429,-40.02598386346622,-31.707739366282027,13.294259899457122,87.19276789289543,-1.1739478725502344,-0.03822865942945741,75.87330238803816,76.76942504448157
430,430,-43.051010566253055,-26.339356264233352,3.2390030282848965,86.95223234935584,6.406324010574828,0.1044677750011957,90.48101384187132,71.65725117948715
431,431,-40.25703901564692,-27.488841930240355,20.328601575145697,86.1956089745604,1.7834104991172526,0.5658634763419333,90.58001326099729,89.68668848783196
432,432,-27.938345799389914,-26.642695112724667,35.50603779786485,87.1986334803227,0.21234633497156175,-2.191886694040657,81.11806350351759,82.8309723556013
433,433,-38.56487047995354,-27.775435668898673,-20.255365974174545,85.48924535018745,3.77751531584103,-0.6042677507303504,90.2527236700787,84.13152374058987
434,434,-29.30921675536996,-34.714071959856994,12.205362441304004,86.30044580440713,3.1811507290463465,-2.220681366227381,87.2708297633989,83.82679256394454
435,435,-28.642703470464642,-25.40755369233018,11.642138551346406,86.73657575214318,5.325369792629282,3.6029737712271723,84.57737684566426,89.45269793591768
436,436,-5.489884200473414,-30.242309698046878,-9.432634481002456,86.83705911068562,3.860886518961299,1.2975890900638278,90.6671250375652,89.03970520357454
437,437,-17.575431206142532,-16.64667796662053,-23.59774209409329,89.00021126665295,4.427576008111325,0.6414638035983589,93.06174771606467,95.79710482303912
438,438,-14.889984721628547,-29.371830527700816,-32.60648476052455,88.57611238838692,2.2198727661752997,1.0236792169240596,79.15604178134505,91.34996888101702
439,439,-19.906787085435028,-18.102007499823145,-41.736796065200316,89.5542249304718,1.580369840760748,-1.5255404199666525,86.92583016258646,94.40392131868367
440,440,16.449904795533186,-28.518030426867284,-77.01392431727885,89.4643505729233,4.208316873367883,3.2441233815364523,79.29556076008629,87.31758542274811
441,441,8.369253015588871,-20.89081243811147,-91.35559527468763,88.61967618696335,1.4161814396200225,3.5273659218828195,91.60646656833596,83.58727145616602
442,442,12.861927561076882,-21.540949312631497,-38.304698627471424,88.16896345073465,4.179570535324157,1.948135911655617,81.66507362926473,82.01770060474168
443,443,27.42817283527089,-24.770381890735436,-77.54271186973432,88.64376193622589,4.237962505740885,-0.17298192754041075,93.39347181443384,89.71486021777119
444,444,3.5241069755120726,-35.39472195282314,-71.53356839106354,87.20561308976961,5.573544723948013,3.632085022065715,92.84457651729211,102.92339003936677
445,445,30.660780123015655,-21.748492739707736,-86.66324078530033,88.44910146392711,2.017810274484547,3.3992284929232,79.450614620418,80.75282864079016
446,446,39.362992350789646,-34.57173613364054,-106.00127004268019,87.93985369698105,2.5854225197016576,3.3378391823294207,94.49781637691224,87.61926602475256
447,447,27.57851193069596,-28.10067769861743,-94.21501411672277,88.33978559562136,5.107171755033024,-0.4243514774738548,92.20490277375117,82.45689123128122
448,448,53.81756649665655,-19.627449167432516,-96.77176115880545,89.19106143733065,6.915420936271028,2.9012426642371087,92.0626149076667,94.16411294135929
449,449,53.375448298368326,-23.958857439867845,-68.03089008442281,89.66270516731811,3.4883040060622803,5.801146031362248,88.10308497716805,91.8282910246782
450,450,39.68443350678227,-31.732942341220358,-114.39310601322843,90.06691360368494,4.103641751658765,4.1418126285579415,88.12966534133324,88.07159393761599
451,451,28.38757769466632,-27.642337356419223,-95.2866504222131,89.70637177058366,2.926842886045625,3.3982992393270646,102.78350361170872,86.44235514036147
452,452,37.56615946719414,-27.259729102519838,-83.07436158624722,91.31639082913786,8.05804484277285,1.7264793671946013,75.7225215416514,98.88975110555387
453,453,26.788989670049794,-23.690503106088418,-99.99966654766979,91.53604765505945,1.4968894835668083,3.692104558905583,89.2068088420705,87.05929447149542
454,454,42.67612335125985,-16.248297664035267,-81.97250182929935,88.64464499854328,9.452009917333406,3.6709767603346366,93.14235678252676,87.66497097939155
455,455,42.35696413358842,-17.0909518170756,-107.03378580326498,91.34590630549962,4.800688131817197,4.008119641669204,90.4663239867292,89.62290457457964
456,456,57.789795834908894,-26.78455849862673,-101.53967038967173,92.18080053697892,6.1765786885852485,3.792575502494438,88.44803779401417,89.48850334196698
457,457,47.195482762357464,-13.733199455485764,-94.62384876244512,90.84594741109983,4.98855681513092,4.127060383423806,94.48827548580968,90.49546862763953
458,458,42.63355789910393,-21.762569798086002,-77.17001944719189,91.1765853177102,5.266699291750556,6.211606814046898,95.88483842775261,84.166847881187
459,459,42.7132825470048,-27.797247323837375,-116.71136850885424,90.59447487349658,1.8770511581512221,4.209329594453844,88.91758054855016,97.6576465430916
460,460,47.89635512788177,-14.711113477431322,-49.74470840406238,91.88748826698216,5.399910426895823,3.057621580426768,98.01423145858266,95.7818568680955
461,461,41.986856033765385,-13.748644186106711,-79.42278314622234,91.71969618235217,4.365589171327683,5.028475205454988,92.90883383815266,94.41332363152716
462,462,57.88686290170729,-14.984216171958339,-70.26807594311545,92.46062376016984,1.0081505235023287,5.1769439529524455,97.15798616470582,89.15709534097643
463,463,33.27306982377314,-10.706891587555607,-51.16540116865566,94.42463010171792,7.215898536836761,3.278171331609296,91.43081782828816,89.52601415067612
464,464,16.392797133351312,-11.35014242770743,-39.45239989314955,93.63637255453574,4.906551341252134,6.446867628689265,90.89448120649065,98.03425628881102
465,465,36.150586488762535,-11.058936361049227,-67.23517383934622,94.75031638579752,5.507233275934932,4.896771622260807,104.37691495347272,98.04910728216093
466,466,23.956311496867766,4.131017519653237,-34.597262072848295,92.44710754113783,5.47449184653068,4.26027737220303,99.59434868437901,93.3158732283686
467,467,23.673867423333824,-4.5736164411448605,-27.217618047596464,93.8705248763234,5.2474399510227245,2.361197172444606,94.11813671726182,91.80552441309432
468,468,32.81341338241495,-5.87513802861776,-6.41240994705565,93.34156725985703,4.124552125197087,8.321757746498733,95.06847224920705,98.56973450918434
469,469,7.150303740570584,0.43071946341033396,-17.15728102165842,94.01317615996723,10.54680880809654,2.511158546396123,91.50719006654231,90.03614178790252
470,470,-5.8087625524500694,-1.8148133459476825,-14.132881828293376,92.8954454037669,5.798040843309299,4.592580980356372,93.29028588653358,98.23219325171577
471,471,7.734180114880651,-8.1343581035493,-34.530446601419236,93.62620050605886,0.9937288655185323,5.921418871901134,86.86383424253593,87.42697897026476
472,472,-10.157552363260157,-0.0644963747013616,-19.11829111978961,95.12028507322499,4.877548932844567,4.0312858914883645,101.32152597773118,86.79495981352935
473,473,-30.52659144657875,4.884081961247411,-13.459986513385749,94.70185501913265,3.8576027948532503,5.5956140371389225,95.42289051781476,93.07757318841499
474,474,-18.82410103703496,6.941318717700839,7.0225913260346235,95.32921525779615,3.7250249559412696,1.8687305496495985,86.49225199323885,94.33504313337117
475,475,-16.298988086959735,3.0365181377446437,24.968148289521643,95.24182988901342,4.04718211646972,1.7641151024017296,101.22209619158549,84.32508270226099
476,476,-28.00713388679926,10.573050053943717,29.157831279489784,95.60821035545995,7.771628400976277,4.54342978710475,93.25559905567977,101.01887856695852
477,477,-24.358784413187152,7.056268410763071,49.77683787746668,96.06156818847478,5.027018319987444,4.27497244828087,100.47338959710216,97.02634048928599
478,478,-16.66172561601359,13.165290727949861,34.85709573353995,95.97686900388561,6.5402735731636295,4.279188899353754,103.83461296702501,103.96257223856654
479,479,-45.626568780402074,9.807278136221633,65.6758961912113,97.01485049353609,3.3361430022837126,5.405034138876451,104.9922360323674,99.19781706647845
480,480,-41.01374539316955,12.448710022452088,58.69597221251995,97.14556792418615,0.10497202494695657,6.651751295680636,91.2805554374518,100.36895787982596
481,481,-50.218475113704,12.335323167599284,80.27405235245394,96.37204106130119,3.61197560951292,5.058450507132845,88.86643715928267,88.04231244983414
482,482,-53.82187066289444,8.160323168989958,57.46419025349097,96.06932377671757,2.633762083162016,6.745754217932031,94.64517144870806,100.44800578592175
483,483,-38.875775596746934,11.138010057748371,96.79617574481352,97.67694745480927,3.4996320577000724,6.037547835868306,95.11968636631481,98.44872460186082
484,484,-37.37426487160784,22.556880589549287,88.45665307439488,95.79925997785658,3.250618212628077,4.521397337601855,92.62506826244496,93.04688124661635
485,485,-46.0636448448651,16.878415056303574,96.30653277924425,95.59753819122092,4.580952003610665,1.6313957557952117,96.2695317189446,90.94481780126613
486,486,-37.23957710067908,13.26643967148761,77.07788157274885,96.94137078612097,3.732039322873653,1.777226589235969,97.4188500248681,101.83982831092153
487,487,-41.06818289712788,23.627255360500396,106.04420024614036,96.66613246415298,3.288958451545354,9.704977270078276,98.87454785433395,96.68962990028832
488,488,-49.3828205137786,20.099995745874317,73.32972607421024,97.74837941716896,5.299786167741517,4.435185455724644,96.83470423572089,100.0819311630671
489,489,-56.1459171931386,17.08163976118529,84.18747349864705,98.49197325125813,2.382671282049988,3.4160701067474615,101.96191093562143,100.89703804457085
490,490,-51.950173592270424,28.33998070657001,99.86553715221204,100.20924974793967,6.572331295676207,7.341314493038707,99.69744237296837,104.46130739842371
491,491,-15.613302593152653,25.566937523629033,116.71665031085797,98.53499212618418,2.707589044599044,1.531667424183494,110.28492853576228,101.3018401591783
492,492,-41.71965858868827,26.328904476689313,84.32384243898788,99.07804977457678,1.8670797083623434,3.4802167141766605,99.75174991468648,97.24927856755161
493,493,-33.45672301444905,34.02641300047957,92.90975534400047,97.7708523425838,1.0117501278467196,2.2388926398419566,103.01303500206951,99.47732571905115
494,494,-30.49714083843911,31.81532290069596,81.46573124612033,100.88659210803183,6.407343024761905,-0.37852663544788046,101.14056367728526,98.94802074828846
495,495,-32.258676938830455,25.22083951256954,134.5270828639251,99.27372662417079,4.166260928570348,3.931196998120045,98.90689509155898,94.13016408799083
496,496,-12.618111587569405,24.612603288977226,84.09452983851612,100.04505852848894,1.8225978235755769,5.647931497595172,100.86104482224462,94.44143562803447
497,497,-28.202992909650906,31.35213833003287,88.0705694704482,98.46856430757092,4.92588031705666,2.6437931781854793,101.1993197034325,97.364130393275
498,498,-12.009027642338143,28.344849377457933,95.75947977757723,100.54951173599855,3.1751632819022904,3.8766510273813832,98.5739894609122,101.58363991015531
499,499,-7.779405645091073,27.470905938571057,72.98440846277688,100.09536046170251,0.9710748628223129,3.0071527670399067,99.58318325307907,105.83526443065294
